transcript_id,transcript_position,score
tx_id_0,0,0.14968425
tx_id_0,10,0.49910295
tx_id_0,20,0.043029223
tx_id_0,30,0.83892155
tx_id_0,40,0.004530883
tx_id_0,50,0.0028486606
tx_id_0,60,0.0009935418
tx_id_0,70,3.2372245e-05
tx_id_0,80,0.00022187096
tx_id_0,90,0.032096326
tx_id_0,100,4.299875e-05
tx_id_0,110,0.00019623521
tx_id_0,120,0.025424767
tx_id_0,130,0.07373438
tx_id_0,140,0.18749629
tx_id_0,150,0.000390718
tx_id_0,160,0.012881331
tx_id_0,170,0.082158655
tx_id_0,180,0.94225097
tx_id_0,190,0.00018342744
tx_id_0,200,0.37163675
tx_id_0,210,0.8161183
tx_id_0,220,0.075308405
tx_id_0,230,0.0190411
tx_id_0,240,0.3191487
tx_id_0,250,0.79176337
tx_id_0,260,0.5805612
tx_id_0,270,0.00022558942
tx_id_0,280,0.007188474
tx_id_0,290,0.12102692
tx_id_0,300,0.7255076
tx_id_0,310,0.09261284
tx_id_0,320,0.08586845
tx_id_0,330,0.40239778
tx_id_0,340,9.898107e-06
tx_id_0,350,0.11870398
tx_id_0,360,0.81983435
tx_id_0,370,0.008387188
tx_id_0,380,0.00038433992
tx_id_0,390,0.03246584
tx_id_0,400,3.9007406e-05
tx_id_0,410,5.4452797e-05
tx_id_0,420,6.260647e-05
tx_id_0,430,0.002770167
tx_id_0,440,0.9673274
tx_id_0,450,0.8952673
tx_id_0,460,0.4241937
tx_id_0,470,1.5257767e-06
tx_id_0,480,0.00012683714
tx_id_0,490,0.0057886597
tx_id_0,500,0.79900926
tx_id_0,510,0.15456761
tx_id_0,520,0.0110224765
tx_id_0,530,0.00051338435
tx_id_0,540,0.0013713548
tx_id_0,550,0.0011618669
tx_id_0,560,0.0013089366
tx_id_0,570,7.0725546e-05
tx_id_0,580,0.37839997
tx_id_0,590,2.650042e-05
tx_id_0,600,0.00018369907
tx_id_0,610,0.5049705
tx_id_0,620,0.00097232667
tx_id_0,630,0.0556446
tx_id_0,640,0.0062744347
tx_id_0,650,0.0061474573
tx_id_0,660,0.002935545
tx_id_0,670,0.14009827
tx_id_0,680,0.0017614765
tx_id_0,690,0.27700165
tx_id_0,700,0.018125935
tx_id_0,710,0.041628126
tx_id_0,720,0.016463047
tx_id_0,730,0.0005822254
tx_id_0,740,0.060554806
tx_id_0,750,0.20855385
tx_id_0,760,0.003998369
tx_id_0,770,0.007331956
tx_id_0,780,0.023580054
tx_id_0,790,0.71260333
tx_id_0,800,0.070064835
tx_id_0,810,0.14301775
tx_id_0,820,0.024083631
tx_id_0,830,0.00020129897
tx_id_0,840,0.00040845372
tx_id_0,850,0.00022738262
tx_id_0,860,0.0006467279
tx_id_0,870,0.0053370125
tx_id_0,880,0.63594335
tx_id_0,890,0.41813442
tx_id_0,900,0.009215603
tx_id_0,910,2.0970454e-05
tx_id_0,920,0.038870774
tx_id_0,930,0.0011077388
tx_id_0,940,0.0054343455
tx_id_0,950,0.00016541523
tx_id_0,960,0.03706297
tx_id_0,970,0.10553776
tx_id_0,980,0.105364434
tx_id_0,990,0.7851645
tx_id_0,1000,0.026419098
tx_id_0,1010,0.5781008
tx_id_0,1020,0.2862413
tx_id_0,1030,0.00031670099
tx_id_0,1040,0.0016128178
tx_id_0,1050,3.3636963e-05
tx_id_0,1060,0.11624867
tx_id_0,1070,0.034649402
tx_id_0,1080,0.0019517546
tx_id_0,1090,0.16116822
tx_id_0,1100,0.00133582
tx_id_0,1110,0.9572011
tx_id_0,1120,0.031400938
tx_id_0,1130,0.0074728886
tx_id_0,1140,0.013988938
tx_id_0,1150,0.03466039
tx_id_0,1160,0.07026551
tx_id_0,1170,0.021058112
tx_id_0,1180,0.00010369212
tx_id_0,1190,0.058210805
tx_id_0,1200,0.00013125477
tx_id_0,1210,0.21293387
tx_id_0,1220,0.0058486154
tx_id_0,1230,4.7464473e-05
tx_id_0,1240,0.00036336278
tx_id_0,1250,0.0016440252
tx_id_0,1260,8.214986e-05
tx_id_0,1270,0.009717425
tx_id_0,1280,0.046012297
tx_id_0,1290,0.035506524
tx_id_0,1300,0.00026382625
tx_id_0,1310,0.6308199
tx_id_0,1320,0.035103176
tx_id_0,1330,0.0020734596
tx_id_0,1340,0.91181624
tx_id_0,1350,0.0033491945
tx_id_0,1360,0.12034488
tx_id_0,1370,0.0013472608
tx_id_0,1380,0.59242886
tx_id_0,1390,0.8569756
tx_id_0,1400,0.8079727
tx_id_0,1410,0.023289315
tx_id_0,1420,0.067870945
tx_id_0,1430,0.00038632078
tx_id_0,1440,0.006830091
tx_id_0,1450,8.980128e-05
tx_id_0,1460,0.11045119
tx_id_0,1470,0.012103812
tx_id_0,1480,0.075943604
tx_id_0,1490,0.0015144829
tx_id_0,1500,0.0009047484
tx_id_0,1510,5.6457702e-05
tx_id_0,1520,0.5254723
tx_id_0,1530,0.11303983
tx_id_0,1540,0.0029495514
tx_id_0,1550,0.0033012407
tx_id_0,1560,0.0054467116
tx_id_0,1570,8.394597e-06
tx_id_0,1580,0.008670525
tx_id_0,1590,0.7727327
tx_id_0,1600,0.0016185583
tx_id_0,1610,0.72988766
tx_id_0,1620,0.89208436
tx_id_0,1630,0.12870425
tx_id_0,1640,0.55397046
tx_id_0,1650,0.0034626548
tx_id_0,1660,0.024613947
tx_id_0,1670,0.12635401
tx_id_0,1680,0.033227913
tx_id_0,1690,0.00034878476
tx_id_0,1700,0.16318054
tx_id_0,1710,0.8514234
tx_id_0,1720,0.4464481
tx_id_0,1730,0.0011027051
tx_id_0,1740,0.015825713
tx_id_0,1750,0.0145661775
tx_id_0,1760,0.33006468
tx_id_0,1770,1.6774593e-05
tx_id_0,1780,0.00011496275
tx_id_0,1790,0.0030858829
tx_id_0,1800,6.720442e-06
tx_id_0,1810,0.03377145
tx_id_0,1820,0.07352711
tx_id_0,1830,0.002253307
tx_id_0,1840,0.0054262946
tx_id_0,1850,0.00666571
tx_id_0,1860,0.8029878
tx_id_0,1870,0.07366378
tx_id_0,1880,0.003910161
tx_id_1,0,0.06584831
tx_id_1,10,0.67957425
tx_id_1,20,0.08574359
tx_id_1,30,0.900392
tx_id_1,40,0.0033578756
tx_id_1,50,0.002670804
tx_id_1,60,0.0004737694
tx_id_1,70,2.9635923e-05
tx_id_1,80,0.00016267668
tx_id_1,90,0.036059868
tx_id_1,100,3.7073114e-05
tx_id_1,110,0.00011360026
tx_id_1,120,0.010522605
tx_id_1,130,0.07556901
tx_id_1,140,0.19172372
tx_id_1,150,0.00027522192
tx_id_1,160,0.024053995
tx_id_1,170,0.09082631
tx_id_1,180,0.9369136
tx_id_1,190,0.00016651554
tx_id_1,200,0.5742776
tx_id_1,210,0.7579486
tx_id_1,220,0.07512997
tx_id_1,230,0.11519635
tx_id_1,240,0.23327272
tx_id_1,250,0.7072964
tx_id_1,260,0.4918213
tx_id_1,270,0.00021334535
tx_id_1,280,0.0023648671
tx_id_1,290,0.0324167
tx_id_1,300,0.28941783
tx_id_1,310,0.08976059
tx_id_1,320,0.15583664
tx_id_1,330,0.26969144
tx_id_1,340,4.3381708e-05
tx_id_1,350,0.077496536
tx_id_1,360,0.6471393
tx_id_1,370,0.0033691556
tx_id_1,380,0.000492562
tx_id_1,390,0.0056156227
tx_id_1,400,7.87858e-05
tx_id_1,410,7.0229755e-05
tx_id_1,420,0.000554281
tx_id_1,430,0.0014498306
tx_id_1,440,0.94257146
tx_id_1,450,0.88719124
tx_id_1,460,0.484466
tx_id_1,470,1.5257767e-06
tx_id_1,480,0.0001732477
tx_id_1,490,0.002331351
tx_id_1,500,0.8076816
tx_id_1,510,0.12413764
tx_id_1,520,0.039626904
tx_id_1,530,0.00063560635
tx_id_1,540,0.00097461144
tx_id_1,550,0.0010877429
tx_id_1,560,0.00079633
tx_id_1,570,2.2381031e-05
tx_id_1,580,0.06573269
tx_id_1,590,3.5397137e-05
tx_id_1,600,0.00021366251
tx_id_1,610,0.55853033
tx_id_1,620,0.00013145179
tx_id_1,630,0.05350297
tx_id_1,640,0.0012973783
tx_id_1,650,0.009617229
tx_id_1,660,0.0014219221
tx_id_1,670,0.08867803
tx_id_1,680,0.0013003789
tx_id_1,690,0.100174434
tx_id_1,700,0.016860075
tx_id_1,710,0.021585127
tx_id_1,720,0.0019855024
tx_id_1,730,0.0031499371
tx_id_1,740,0.019964723
tx_id_1,750,0.14041372
tx_id_1,760,0.004369894
tx_id_1,770,0.0039415355
tx_id_1,780,0.02214491
tx_id_1,790,0.9318837
tx_id_1,800,0.222442
tx_id_1,810,0.16746125
tx_id_1,820,0.0025180983
tx_id_1,830,0.0001033284
tx_id_1,840,0.00040845372
tx_id_1,850,9.6151736e-05
tx_id_1,860,0.001910177
tx_id_1,870,0.003586035
tx_id_1,880,0.49039084
tx_id_1,890,0.36718068
tx_id_1,900,0.0106154075
tx_id_1,910,2.7096447e-05
tx_id_1,920,0.013934933
tx_id_1,930,0.0017242136
tx_id_1,940,0.006707659
tx_id_1,950,8.4056854e-05
tx_id_1,960,0.03377844
tx_id_1,970,0.12912369
tx_id_1,980,0.031480018
tx_id_1,990,0.757036
tx_id_1,1000,0.016216453
tx_id_1,1010,0.5780324
tx_id_1,1020,0.14153233
tx_id_1,1030,0.00031670099
tx_id_1,1040,0.00076636183
tx_id_1,1050,0.0001325108
tx_id_1,1060,0.062639825
tx_id_1,1070,0.0398263
tx_id_1,1080,0.0016982453
tx_id_1,1090,0.19069864
tx_id_1,1100,0.0006828028
tx_id_1,1110,0.8978675
tx_id_1,1120,0.021013947
tx_id_1,1130,0.0025130934
tx_id_1,1140,0.014082152
tx_id_1,1150,0.04477971
tx_id_1,1160,0.08706502
tx_id_1,1170,0.03472198
tx_id_1,1180,5.6910136e-05
tx_id_1,1190,0.12691385
tx_id_1,1200,5.571385e-05
tx_id_1,1210,0.19854821
tx_id_1,1220,0.009519374
tx_id_1,1230,4.1361818e-05
tx_id_1,1240,0.00028148526
tx_id_1,1250,0.0017287502
tx_id_1,1260,2.7395143e-05
tx_id_1,1270,0.0673304
tx_id_1,1280,0.050320443
tx_id_1,1290,0.01888534
tx_id_1,1300,0.00020691707
tx_id_1,1310,0.52418965
tx_id_1,1320,0.012874154
tx_id_1,1330,0.0021692035
tx_id_1,1340,0.9074632
tx_id_1,1350,0.003261358
tx_id_1,1360,0.026676305
tx_id_1,1370,0.0017166735
tx_id_1,1380,0.5633664
tx_id_1,1390,0.8446657
tx_id_1,1400,0.6811437
tx_id_1,1410,0.023019213
tx_id_1,1420,0.068270594
tx_id_1,1430,0.00025858416
tx_id_1,1440,0.008767705
tx_id_1,1450,6.977249e-05
tx_id_1,1460,0.0841559
tx_id_1,1470,0.019330464
tx_id_1,1480,0.07229884
tx_id_1,1490,0.0007321122
tx_id_1,1500,0.00076791306
tx_id_1,1510,5.714976e-05
tx_id_1,1520,0.47604242
tx_id_1,1530,0.109618194
tx_id_1,1540,0.000514017
tx_id_1,1550,0.004390771
tx_id_1,1560,0.0053368206
tx_id_1,1570,1.9266336e-05
tx_id_1,1580,0.01211501
tx_id_1,1590,0.1994745
tx_id_1,1600,0.005284749
tx_id_1,1610,0.9317733
tx_id_1,1620,0.65672135
tx_id_1,1630,0.1352531
tx_id_1,1640,0.552408
tx_id_1,1650,0.0013662649
tx_id_1,1660,0.021363068
tx_id_1,1670,0.06950149
tx_id_1,1680,0.02706185
tx_id_1,1690,7.1062896e-05
tx_id_1,1700,0.0961135
tx_id_1,1710,0.22102663
tx_id_1,1720,0.4464481
tx_id_1,1730,0.0073389974
tx_id_1,1740,0.017851448
tx_id_1,1750,0.018630566
tx_id_1,1760,0.22368014
tx_id_1,1770,2.5515581e-05
tx_id_1,1780,0.0001158915
tx_id_1,1790,0.003927734
tx_id_1,1800,6.720442e-06
tx_id_1,1810,0.01787246
tx_id_1,1820,0.045388736
tx_id_1,1830,0.0022357565
tx_id_1,1840,0.015569734
tx_id_1,1850,0.016143056
tx_id_1,1860,0.29644498
tx_id_1,1870,0.018230366
tx_id_1,1880,0.058193713
tx_id_2,0,0.048402496
tx_id_2,10,0.32262352
tx_id_2,20,0.075102106
tx_id_2,30,0.78723437
tx_id_2,40,0.00043829327
tx_id_2,50,0.0017299659
tx_id_2,60,0.0028911203
tx_id_2,70,0.00013262458
tx_id_2,80,9.223914e-05
tx_id_2,90,0.041592073
tx_id_2,100,3.4474204e-05
tx_id_2,110,0.00031560898
tx_id_2,120,0.007136995
tx_id_2,130,0.1227251
tx_id_2,140,0.082156524
tx_id_2,150,0.00013942865
tx_id_2,160,0.032835275
tx_id_2,170,0.0791969
tx_id_2,180,0.7884847
tx_id_2,190,0.00016298595
tx_id_2,200,0.09820486
tx_id_2,210,0.59444594
tx_id_2,220,0.032614272
tx_id_2,230,0.091112696
tx_id_2,240,0.04932443
tx_id_2,250,0.5284593
tx_id_2,260,0.109053805
tx_id_2,270,0.00018276542
tx_id_2,280,0.010185096
tx_id_2,290,0.03930266
tx_id_2,300,0.38516924
tx_id_2,310,0.024243033
tx_id_2,320,0.39047977
tx_id_2,330,0.16003923
tx_id_2,340,1.5895002e-05
tx_id_2,350,0.04275674
tx_id_2,360,0.3076721
tx_id_2,370,0.00021830491
tx_id_2,380,0.0016866213
tx_id_2,390,0.0041320445
tx_id_2,400,0.0001071152
tx_id_2,410,2.9799246e-05
tx_id_2,420,0.00083864003
tx_id_2,430,0.0012563715
tx_id_2,440,0.8882532
tx_id_2,450,0.28481546
tx_id_2,460,0.30822495
tx_id_2,470,5.16209e-06
tx_id_2,480,1.7619925e-05
tx_id_2,490,0.0026885378
tx_id_2,500,0.6969742
tx_id_2,510,0.061802335
tx_id_2,520,0.29305118
tx_id_2,530,0.0005883365
tx_id_2,540,0.00072038715
tx_id_2,550,0.0017291708
tx_id_2,560,0.00054238527
tx_id_2,570,1.5061157e-05
tx_id_2,580,0.7290249
tx_id_2,590,1.6107613e-05
tx_id_2,600,0.00022562106
tx_id_2,610,0.36840728
tx_id_2,620,0.0036882157
tx_id_2,630,0.07150488
tx_id_2,640,0.013237083
tx_id_2,650,0.0093535045
tx_id_2,660,0.0018788681
tx_id_2,670,0.06373582
tx_id_2,680,0.0009737182
tx_id_2,690,0.05681597
tx_id_2,700,0.02516163
tx_id_2,710,0.023578212
tx_id_2,720,0.00013972279
tx_id_2,730,0.0016007845
tx_id_2,740,0.06125433
tx_id_2,750,0.04562494
tx_id_2,760,0.0017752944
tx_id_2,770,0.30690175
tx_id_2,780,0.034446165
tx_id_2,790,0.2796415
tx_id_2,800,0.076589204
tx_id_2,810,0.105735414
tx_id_2,820,0.0009510783
tx_id_2,830,0.00016718118
tx_id_2,840,0.0006245209
tx_id_2,850,0.00019598241
tx_id_2,860,0.0010321735
tx_id_2,870,0.0014133918
tx_id_2,880,0.47193915
tx_id_2,890,0.16785763
tx_id_2,900,0.012501032
tx_id_2,910,6.519451e-06
tx_id_2,920,0.0024674747
tx_id_2,930,0.0027356357
tx_id_2,940,0.0037757778
tx_id_2,950,9.4446405e-05
tx_id_2,960,0.019900896
tx_id_2,970,0.027373206
tx_id_2,980,0.0030148893
tx_id_2,990,0.16981629
tx_id_2,1000,0.0073584314
tx_id_2,1010,0.3272566
tx_id_2,1020,0.17633271
tx_id_2,1030,0.00030922092
tx_id_2,1040,0.0028835998
tx_id_2,1050,0.00038516408
tx_id_2,1060,0.056950696
tx_id_2,1070,0.0066752103
tx_id_2,1080,0.00013963367
tx_id_2,1090,0.07825071
tx_id_2,1100,0.00061500276
tx_id_2,1110,0.61656356
tx_id_2,1120,0.019841634
tx_id_2,1130,0.0023138104
tx_id_2,1140,0.005977833
tx_id_2,1150,0.018815383
tx_id_2,1160,0.04732146
tx_id_2,1170,0.0032818033
tx_id_2,1180,8.891716e-06
tx_id_2,1190,0.3734971
tx_id_2,1200,5.296455e-05
tx_id_2,1210,0.0764251
tx_id_2,1220,0.0030184158
tx_id_2,1230,3.232998e-05
tx_id_2,1240,0.00029687272
tx_id_2,1250,0.0019828717
tx_id_2,1260,3.6711903e-05
tx_id_2,1270,0.007041412
tx_id_2,1280,0.011903138
tx_id_2,1290,0.008257536
tx_id_2,1300,0.00015409499
tx_id_2,1310,0.48898956
tx_id_2,1320,0.052471768
tx_id_2,1330,0.0015345286
tx_id_2,1340,0.7697978
tx_id_2,1350,0.0012353208
tx_id_2,1360,0.1377652
tx_id_2,1370,0.002505194
tx_id_2,1380,0.3099291
tx_id_2,1390,0.8801266
tx_id_2,1400,0.5450324
tx_id_2,1410,0.015917696
tx_id_2,1420,0.38550222
tx_id_2,1430,0.00049217767
tx_id_2,1440,0.001480661
tx_id_2,1450,3.825683e-05
tx_id_2,1460,0.029113796
tx_id_2,1470,0.031664506
tx_id_2,1480,0.021523084
tx_id_2,1490,0.0013729039
tx_id_2,1500,0.001846393
tx_id_2,1510,5.127442e-05
tx_id_2,1520,0.3260592
tx_id_2,1530,0.038301375
tx_id_2,1540,0.0033193645
tx_id_2,1550,0.0017147469
tx_id_2,1560,0.0126804495
tx_id_2,1570,7.5688276e-06
tx_id_2,1580,0.00251254
tx_id_2,1590,0.014731563
tx_id_2,1600,0.00025861917
tx_id_2,1610,0.9001625
tx_id_2,1620,0.6145596
tx_id_2,1630,0.01911854
tx_id_2,1640,0.020042855
tx_id_2,1650,0.00058924896
tx_id_2,1660,0.011682048
tx_id_2,1670,0.10351052
tx_id_2,1680,0.016358687
tx_id_2,1690,5.5691005e-05
tx_id_2,1700,0.024815908
tx_id_2,1710,0.8444648
tx_id_2,1720,0.33230367
tx_id_2,1730,0.0038946578
tx_id_2,1740,0.007883846
tx_id_2,1750,0.0039885654
tx_id_2,1760,0.21130617
tx_id_2,1770,7.261449e-05
tx_id_2,1780,0.00031188887
tx_id_2,1790,0.0027983205
tx_id_2,1800,1.4698375e-05
tx_id_2,1810,0.014020281
tx_id_2,1820,0.04846731
tx_id_2,1830,0.0012663618
tx_id_2,1840,0.012228021
tx_id_2,1850,0.004744263
tx_id_2,1860,0.9419169
tx_id_2,1870,0.011300012
tx_id_2,1880,0.011044866
tx_id_3,0,0.048402496
tx_id_3,10,0.13756219
tx_id_3,20,0.077501394
tx_id_3,30,0.5301999
tx_id_3,40,0.00034319953
tx_id_3,50,0.0017299659
tx_id_3,60,0.0015887537
tx_id_3,70,8.15652e-05
tx_id_3,80,9.223914e-05
tx_id_3,90,0.041592073
tx_id_3,100,2.4859342e-05
tx_id_3,110,0.00034713527
tx_id_3,120,0.009429143
tx_id_3,130,0.14759089
tx_id_3,140,0.05706319
tx_id_3,150,0.00013942865
tx_id_3,160,0.022840785
tx_id_3,170,0.045741502
tx_id_3,180,0.6467206
tx_id_3,190,0.00014524123
tx_id_3,200,0.104252726
tx_id_3,210,0.45442867
tx_id_3,220,0.06417865
tx_id_3,230,0.07398023
tx_id_3,240,0.03640468
tx_id_3,250,0.6312408
tx_id_3,260,0.17346527
tx_id_3,270,0.00012865872
tx_id_3,280,0.0015918837
tx_id_3,290,0.10013638
tx_id_3,300,0.21777616
tx_id_3,310,0.01684467
tx_id_3,320,0.16709028
tx_id_3,330,0.00692043
tx_id_3,340,1.7242635e-05
tx_id_3,350,0.052003138
tx_id_3,360,0.45762068
tx_id_3,370,0.00032907206
tx_id_3,380,0.0010680422
tx_id_3,390,0.006359116
tx_id_3,400,8.1285674e-05
tx_id_3,410,4.029443e-05
tx_id_3,420,0.006039353
tx_id_3,430,0.0027846433
tx_id_3,440,0.865659
tx_id_3,450,0.2697552
tx_id_3,460,0.210587
tx_id_3,470,2.475128e-06
tx_id_3,480,1.4437115e-05
tx_id_3,490,0.002115472
tx_id_3,500,0.43493497
tx_id_3,510,0.03682566
tx_id_3,520,0.33214015
tx_id_3,530,0.00049822143
tx_id_3,540,0.00075164257
tx_id_3,550,0.0021859424
tx_id_3,560,0.002926796
tx_id_3,570,1.5061157e-05
tx_id_3,580,0.37809217
tx_id_3,590,2.321366e-06
tx_id_3,600,0.00016112092
tx_id_3,610,0.15155096
tx_id_3,620,0.020078631
tx_id_3,630,0.05036157
tx_id_3,640,0.0078807585
tx_id_3,650,0.006131562
tx_id_3,660,0.0015789181
tx_id_3,670,0.0075804046
tx_id_3,680,0.00047043906
tx_id_3,690,0.12610382
tx_id_3,700,0.009458566
tx_id_3,710,0.02900061
tx_id_3,720,0.00015979868
tx_id_3,730,0.0018625321
tx_id_3,740,0.004991185
tx_id_3,750,0.029784048
tx_id_3,760,0.0040610633
tx_id_3,770,0.033293955
tx_id_3,780,0.038371436
tx_id_3,790,0.50969136
tx_id_3,800,0.38232827
tx_id_3,810,0.09735413
tx_id_3,820,0.0004961416
tx_id_3,830,6.7232504e-05
tx_id_3,840,0.0009907581
tx_id_3,850,3.705753e-05
tx_id_3,860,0.0004538541
tx_id_3,870,0.00081787904
tx_id_3,880,0.37169287
tx_id_3,890,0.16888335
tx_id_3,900,0.007846721
tx_id_3,910,1.785513e-05
tx_id_3,920,0.00539404
tx_id_3,930,0.0014765011
tx_id_3,940,0.0050804103
tx_id_3,950,6.367587e-05
tx_id_3,960,0.02022816
tx_id_3,970,0.027273327
tx_id_3,980,0.0076203737
tx_id_3,990,0.08610998
tx_id_3,1000,0.018344304
tx_id_3,1010,0.3594408
tx_id_3,1020,0.035034377
tx_id_3,1030,0.00022731218
tx_id_3,1040,0.005022539
tx_id_3,1050,0.0001275272
tx_id_3,1060,0.052497867
tx_id_3,1070,0.032565475
tx_id_3,1080,0.0002887149
tx_id_3,1090,0.017318677
tx_id_3,1100,0.00093326805
tx_id_3,1110,0.6231009
tx_id_3,1120,0.017335832
tx_id_3,1130,0.0014458487
tx_id_3,1140,0.0010179151
tx_id_3,1150,0.07391073
tx_id_3,1160,0.058883946
tx_id_3,1170,0.004479137
tx_id_3,1180,1.7174678e-05
tx_id_3,1190,0.16878776
tx_id_3,1200,0.0001258496
tx_id_3,1210,0.030542277
tx_id_3,1220,0.002912965
tx_id_3,1230,0.00010505855
tx_id_3,1240,0.00037473327
tx_id_3,1250,0.0018014798
tx_id_3,1260,0.00018359137
tx_id_3,1270,0.00033449952
tx_id_3,1280,0.0037472092
tx_id_3,1290,0.008233099
tx_id_3,1300,0.00022073975
tx_id_3,1310,0.13960928
tx_id_3,1320,0.0022002826
tx_id_3,1330,0.0032483388
tx_id_3,1340,0.37724334
tx_id_3,1350,0.0012353208
tx_id_3,1360,0.08667938
tx_id_3,1370,0.0015816754
tx_id_3,1380,0.17753378
tx_id_3,1390,0.8302299
tx_id_3,1400,0.75430286
tx_id_3,1410,0.017847067
tx_id_3,1420,0.14490566
tx_id_3,1430,0.0015657009
tx_id_3,1440,0.0018755803
tx_id_3,1450,6.583275e-05
tx_id_3,1460,0.0296171
tx_id_3,1470,0.036529623
tx_id_3,1480,0.012878899
tx_id_3,1490,0.0014434658
tx_id_3,1500,0.0014292322
tx_id_3,1510,6.033205e-05
tx_id_3,1520,0.041910063
tx_id_3,1530,0.008126558
tx_id_3,1540,0.0018988313
tx_id_3,1550,0.002937248
tx_id_3,1560,0.0226692
tx_id_3,1570,3.234839e-05
tx_id_3,1580,0.023277512
tx_id_3,1590,0.020014213
tx_id_3,1600,0.00014485202
tx_id_3,1610,0.6617266
tx_id_3,1620,0.37930146
tx_id_3,1630,0.0189745
tx_id_3,1640,0.018074594
tx_id_3,1650,0.00024147464
tx_id_3,1660,0.011636705
tx_id_3,1670,0.03277527
tx_id_3,1680,0.013503916
tx_id_3,1690,0.00027334978
tx_id_3,1700,0.0061345417
tx_id_3,1710,0.03474953
tx_id_3,1720,0.28940392
tx_id_3,1730,0.0023284082
tx_id_3,1740,0.003441291
tx_id_3,1750,0.0041932124
tx_id_3,1760,0.15493155
tx_id_3,1770,0.00042492143
tx_id_3,1780,0.00077447237
tx_id_3,1790,0.0022732583
tx_id_3,1800,8.133167e-06
tx_id_3,1810,0.007312156
tx_id_3,1820,0.07740495
tx_id_3,1830,0.00079976156
tx_id_3,1840,0.07461846
tx_id_3,1850,0.0061857398
tx_id_3,1860,0.92387044
tx_id_3,1870,0.09149685
tx_id_3,1880,0.0014003261
tx_id_4,0,0.0026708331
tx_id_4,10,0.1413266
tx_id_4,20,0.01852392
tx_id_4,30,0.03485675
tx_id_4,40,0.00048742065
tx_id_4,50,0.0017304503
tx_id_4,60,0.0007592754
tx_id_4,70,7.016108e-05
tx_id_4,80,9.621676e-05
tx_id_4,90,0.036646735
tx_id_4,100,0.00020745026
tx_id_4,110,0.00045500137
tx_id_4,120,0.0045286985
tx_id_4,130,0.1223905
tx_id_4,140,0.0103593385
tx_id_4,150,0.00018153455
tx_id_4,160,0.16120958
tx_id_4,170,0.053543855
tx_id_4,180,0.2245103
tx_id_4,190,0.0008769446
tx_id_4,200,0.0049469857
tx_id_4,210,0.33219633
tx_id_4,220,0.10449198
tx_id_4,230,0.057511292
tx_id_4,240,0.038485155
tx_id_4,250,0.4160712
tx_id_4,260,0.033467576
tx_id_4,270,8.610478e-05
tx_id_4,280,0.0022547708
tx_id_4,290,0.032408584
tx_id_4,300,0.079895884
tx_id_4,310,0.006688294
tx_id_4,320,0.39336774
tx_id_4,330,0.0038342352
tx_id_4,340,0.0001001995
tx_id_4,350,0.055783294
tx_id_4,360,0.07305148
tx_id_4,370,0.0002391201
tx_id_4,380,0.0005920152
tx_id_4,390,0.0014647006
tx_id_4,400,9.2862756e-05
tx_id_4,410,0.00010531773
tx_id_4,420,0.00087562826
tx_id_4,430,0.0020514326
tx_id_4,440,0.6215967
tx_id_4,450,0.5049777
tx_id_4,460,0.058056843
tx_id_4,470,3.551037e-06
tx_id_4,480,2.4165949e-05
tx_id_4,490,0.0036958633
tx_id_4,500,0.0575011
tx_id_4,510,0.009696972
tx_id_4,520,0.07901209
tx_id_4,530,0.0029232302
tx_id_4,540,0.0017492257
tx_id_4,550,0.0010542234
tx_id_4,560,0.0017094795
tx_id_4,570,5.210766e-05
tx_id_4,580,0.19676962
tx_id_4,590,5.3843914e-06
tx_id_4,600,5.1634386e-05
tx_id_4,610,0.27133623
tx_id_4,620,0.05923703
tx_id_4,630,0.036376372
tx_id_4,640,0.004306252
tx_id_4,650,0.004012002
tx_id_4,660,0.002788242
tx_id_4,670,0.0022414376
tx_id_4,680,0.0003584667
tx_id_4,690,0.008731696
tx_id_4,700,0.004352475
tx_id_4,710,0.0025721607
tx_id_4,720,0.00018335837
tx_id_4,730,0.0009310308
tx_id_4,740,0.0020622765
tx_id_4,750,0.023838207
tx_id_4,760,0.00092812796
tx_id_4,770,0.07612416
tx_id_4,780,0.46032214
tx_id_4,790,0.75332457
tx_id_4,800,0.16324823
tx_id_4,810,0.02793734
tx_id_4,820,0.00021942134
tx_id_4,830,7.602958e-05
tx_id_4,840,0.0013261789
tx_id_4,850,5.5372093e-06
tx_id_4,860,0.00018167723
tx_id_4,870,0.0010145019
tx_id_4,880,0.08296737
tx_id_4,890,0.07988807
tx_id_4,900,0.009342252
tx_id_4,910,1.6038697e-05
tx_id_4,920,0.0013341143
tx_id_4,930,0.0018554962
tx_id_4,940,0.0024574215
tx_id_4,950,6.937138e-05
tx_id_4,960,0.007966991
tx_id_4,970,0.05116482
tx_id_4,980,0.023627175
tx_id_4,990,0.023024464
tx_id_4,1000,0.022094566
tx_id_4,1010,0.027704582
tx_id_4,1020,0.018553456
tx_id_4,1030,0.0023533157
tx_id_4,1040,0.00023017883
tx_id_4,1050,0.00021728738
tx_id_4,1060,0.028048256
tx_id_4,1070,0.017865632
tx_id_4,1080,0.00017064663
tx_id_4,1090,0.017955864
tx_id_4,1100,0.00018235686
tx_id_4,1110,0.3844171
tx_id_4,1120,0.017453643
tx_id_4,1130,0.00017770429
tx_id_4,1140,0.0006656459
tx_id_4,1150,0.029001448
tx_id_4,1160,0.02313296
tx_id_4,1170,0.0007017764
tx_id_4,1180,1.129694e-05
tx_id_4,1190,0.046508636
tx_id_4,1200,1.4363493e-05
tx_id_4,1210,0.0065473733
tx_id_4,1220,0.0026092106
tx_id_4,1230,5.6795416e-05
tx_id_4,1240,0.00032087258
tx_id_4,1250,0.0011732002
tx_id_4,1260,5.320648e-05
tx_id_4,1270,0.00027178795
tx_id_4,1280,0.003816504
tx_id_4,1290,0.00064817426
tx_id_4,1300,5.5767323e-05
tx_id_4,1310,0.023517236
tx_id_4,1320,0.0043876055
tx_id_4,1330,0.003985464
tx_id_4,1340,0.24668308
tx_id_4,1350,0.00013001732
tx_id_4,1360,0.009357079
tx_id_4,1370,0.0006259704
tx_id_4,1380,0.065800995
tx_id_4,1390,0.35314322
tx_id_4,1400,0.76942515
tx_id_4,1410,0.014256648
tx_id_4,1420,0.30693436
tx_id_4,1430,0.0007136705
tx_id_4,1440,0.0014873177
tx_id_4,1450,0.000577729
tx_id_4,1460,0.0017060895
tx_id_4,1470,0.063986294
tx_id_4,1480,0.006900266
tx_id_4,1490,0.0019780442
tx_id_4,1500,0.00029739426
tx_id_4,1510,0.00033339826
tx_id_4,1520,0.037436772
tx_id_4,1530,0.004140754
tx_id_4,1540,0.009880452
tx_id_4,1550,0.0012815997
tx_id_4,1560,0.025274351
tx_id_4,1570,9.800786e-06
tx_id_4,1580,0.045436256
tx_id_4,1590,0.0033925052
tx_id_4,1600,0.000315773
tx_id_4,1610,0.14779992
tx_id_4,1620,0.25964224
tx_id_4,1630,0.022364588
tx_id_4,1640,0.007373182
tx_id_4,1650,0.0010261461
tx_id_4,1660,0.0127645945
tx_id_4,1670,0.03421291
tx_id_4,1680,0.038704444
tx_id_4,1690,0.0005745597
tx_id_4,1700,0.0029178245
tx_id_4,1710,0.05993265
tx_id_4,1720,0.119776316
tx_id_4,1730,0.0016614848
tx_id_4,1740,0.0058732233
tx_id_4,1750,0.0020754565
tx_id_4,1760,0.03280032
tx_id_4,1770,0.0015850842
tx_id_4,1780,0.0011390764
tx_id_4,1790,0.0022172704
tx_id_4,1800,8.498135e-06
tx_id_4,1810,0.0022917336
tx_id_4,1820,0.026007866
tx_id_4,1830,0.0009854115
tx_id_4,1840,0.030361628
tx_id_4,1850,0.0070819827
tx_id_4,1860,0.22017673
tx_id_4,1870,0.031120097
tx_id_4,1880,0.0108341
tx_id_5,0,0.00033260553
tx_id_5,10,0.019996263
tx_id_5,20,0.028439952
tx_id_5,30,0.008034047
tx_id_5,40,0.00027247707
tx_id_5,50,0.0020745865
tx_id_5,60,0.0010287836
tx_id_5,70,0.00022532589
tx_id_5,80,0.000178615
tx_id_5,90,0.021388192
tx_id_5,100,0.00031595607
tx_id_5,110,0.000237752
tx_id_5,120,0.00044029116
tx_id_5,130,0.13178548
tx_id_5,140,0.0017860185
tx_id_5,150,0.0006834209
tx_id_5,160,0.0017336279
tx_id_5,170,0.05558546
tx_id_5,180,0.09040461
tx_id_5,190,0.0014768919
tx_id_5,200,0.013221129
tx_id_5,210,0.062231757
tx_id_5,220,0.15098032
tx_id_5,230,0.01900084
tx_id_5,240,0.015618629
tx_id_5,250,0.0510875
tx_id_5,260,0.013263337
tx_id_5,270,0.00027346474
tx_id_5,280,0.047492944
tx_id_5,290,0.040559873
tx_id_5,300,0.07675553
tx_id_5,310,0.0050832964
tx_id_5,320,0.08309852
tx_id_5,330,0.00017041134
tx_id_5,340,8.161928e-05
tx_id_5,350,0.050696917
tx_id_5,360,0.113764
tx_id_5,370,0.00010641588
tx_id_5,380,0.0011419207
tx_id_5,390,0.0013510109
tx_id_5,400,2.372229e-05
tx_id_5,410,0.0004866811
tx_id_5,420,0.001434497
tx_id_5,430,0.002551734
tx_id_5,440,0.7673936
tx_id_5,450,0.24178816
tx_id_5,460,0.048026796
tx_id_5,470,3.0414483e-06
tx_id_5,480,9.905917e-05
tx_id_5,490,0.0027457504
tx_id_5,500,0.2188005
tx_id_5,510,0.004923153
tx_id_5,520,0.025451675
tx_id_5,530,0.000103556056
tx_id_5,540,0.0011667346
tx_id_5,550,0.0002879375
tx_id_5,560,0.0050834795
tx_id_5,570,6.0356397e-05
tx_id_5,580,0.022954317
tx_id_5,590,7.067545e-05
tx_id_5,600,4.125986e-05
tx_id_5,610,0.025788613
tx_id_5,620,0.016358387
tx_id_5,630,0.016671674
tx_id_5,640,0.0012119157
tx_id_5,650,0.005328337
tx_id_5,660,0.0006171983
tx_id_5,670,0.0014245707
tx_id_5,680,6.896717e-05
tx_id_5,690,0.04481807
tx_id_5,700,0.0035002735
tx_id_5,710,0.0011059643
tx_id_5,720,0.00013260207
tx_id_5,730,0.00023023853
tx_id_5,740,0.009438438
tx_id_5,750,0.007093305
tx_id_5,760,0.0031649123
tx_id_5,770,0.08962611
tx_id_5,780,0.08257888
tx_id_5,790,0.1417847
tx_id_5,800,0.014891484
tx_id_5,810,0.0024337475
tx_id_5,820,0.00033269468
tx_id_5,830,0.000121766934
tx_id_5,840,0.0023284238
tx_id_5,850,1.210907e-05
tx_id_5,860,0.00096693856
tx_id_5,870,0.00054538966
tx_id_5,880,0.050391246
tx_id_5,890,0.0074563297
tx_id_5,900,0.0039634765
tx_id_5,910,1.3274474e-05
tx_id_5,920,2.5844869e-05
tx_id_5,930,0.001752485
tx_id_5,940,0.0057281875
tx_id_5,950,1.8245246e-05
tx_id_5,960,0.003739797
tx_id_5,970,0.0059928265
tx_id_5,980,0.0074509713
tx_id_5,990,0.0014244486
tx_id_5,1000,0.0110461265
tx_id_5,1010,0.008418138
tx_id_5,1020,0.0015449771
tx_id_5,1030,0.0017118809
tx_id_5,1040,8.026821e-05
tx_id_5,1050,0.00015457872
tx_id_5,1060,0.004464138
tx_id_5,1070,0.00012180445
tx_id_5,1080,0.00022147023
tx_id_5,1090,0.023907768
tx_id_5,1100,0.0001099209
tx_id_5,1110,0.033030238
tx_id_5,1120,0.017244395
tx_id_5,1130,0.00048184284
tx_id_5,1140,0.0022029234
tx_id_5,1150,0.027308187
tx_id_5,1160,0.016327616
tx_id_5,1170,0.0008839382
tx_id_5,1180,1.3726868e-06
tx_id_5,1190,0.017264478
tx_id_5,1200,2.0749205e-06
tx_id_5,1210,0.0024118586
tx_id_5,1220,0.0029883801
tx_id_5,1230,6.543786e-05
tx_id_5,1240,0.0005318553
tx_id_5,1250,0.001869657
tx_id_5,1260,0.00011245693
tx_id_5,1270,1.6924014e-05
tx_id_5,1280,0.0026831706
tx_id_5,1290,0.00010838918
tx_id_5,1300,7.917027e-05
tx_id_5,1310,0.0010455726
tx_id_5,1320,0.0013641748
tx_id_5,1330,0.0036090328
tx_id_5,1340,0.049233135
tx_id_5,1350,0.00012286493
tx_id_5,1360,0.001372885
tx_id_5,1370,0.0006118856
tx_id_5,1380,0.031162411
tx_id_5,1390,0.1698769
tx_id_5,1400,0.9504364
tx_id_5,1410,0.00534114
tx_id_5,1420,0.2618067
tx_id_5,1430,0.0017486229
tx_id_5,1440,0.00049451366
tx_id_5,1450,0.000279818
tx_id_5,1460,0.0006526855
tx_id_5,1470,0.040564857
tx_id_5,1480,0.00387473
tx_id_5,1490,0.0054696016
tx_id_5,1500,7.0776216e-05
tx_id_5,1510,0.0006896273
tx_id_5,1520,0.0063652596
tx_id_5,1530,0.0012829058
tx_id_5,1540,0.0022893853
tx_id_5,1550,0.00023990565
tx_id_5,1560,0.0062285606
tx_id_5,1570,9.895417e-06
tx_id_5,1580,0.008243599
tx_id_5,1590,6.573501e-05
tx_id_5,1600,0.00022034947
tx_id_5,1610,0.025949394
tx_id_5,1620,0.026256885
tx_id_5,1630,0.0020069783
tx_id_5,1640,0.0010186819
tx_id_5,1650,0.0005454752
tx_id_5,1660,0.0064816647
tx_id_5,1670,0.029077811
tx_id_5,1680,0.0053776135
tx_id_5,1690,6.29423e-05
tx_id_5,1700,0.0023198018
tx_id_5,1710,0.01287033
tx_id_5,1720,0.055889733
tx_id_5,1730,0.0005645588
tx_id_5,1740,0.003717065
tx_id_5,1750,0.00080425607
tx_id_5,1760,0.006532497
tx_id_5,1770,0.0002395176
tx_id_5,1780,0.00022644021
tx_id_5,1790,0.00032885035
tx_id_5,1800,9.5802025e-05
tx_id_5,1810,0.0058166687
tx_id_5,1820,0.0067309546
tx_id_5,1830,0.00054046937
tx_id_5,1840,0.02126585
tx_id_5,1850,0.004304188
tx_id_5,1860,0.4677904
tx_id_5,1870,0.0018252931
tx_id_5,1880,0.001001108
tx_id_6,0,0.0006401818
tx_id_6,10,0.005221371
tx_id_6,20,0.087772936
tx_id_6,30,0.0049624145
tx_id_6,40,0.0008598816
tx_id_6,50,0.0018585491
tx_id_6,60,0.0015872975
tx_id_6,70,9.839077e-05
tx_id_6,80,0.0008171145
tx_id_6,90,0.0035607335
tx_id_6,100,9.506282e-05
tx_id_6,110,0.00034355195
tx_id_6,120,0.0014227681
tx_id_6,130,0.035156496
tx_id_6,140,0.000122026264
tx_id_6,150,2.3103117e-05
tx_id_6,160,0.0017488351
tx_id_6,170,0.0034052068
tx_id_6,180,0.01090277
tx_id_6,190,0.002276853
tx_id_6,200,0.0035835379
tx_id_6,210,0.034316774
tx_id_6,220,0.24805732
tx_id_6,230,0.07182154
tx_id_6,240,0.03135606
tx_id_6,250,0.010042836
tx_id_6,260,0.01212086
tx_id_6,270,5.1322313e-05
tx_id_6,280,0.0010511907
tx_id_6,290,0.013625615
tx_id_6,300,0.015386523
tx_id_6,310,0.0006679275
tx_id_6,320,0.04914526
tx_id_6,330,2.5218276e-05
tx_id_6,340,1.3306871e-05
tx_id_6,350,0.02440534
tx_id_6,360,0.028025175
tx_id_6,370,0.00012167536
tx_id_6,380,0.0021090996
tx_id_6,390,0.00053418806
tx_id_6,400,6.6715314e-05
tx_id_6,410,0.00031937193
tx_id_6,420,0.0009047308
tx_id_6,430,0.002053903
tx_id_6,440,0.2567684
tx_id_6,450,0.00839824
tx_id_6,460,0.016355647
tx_id_6,470,2.1484655e-06
tx_id_6,480,0.00019997553
tx_id_6,490,0.0021132445
tx_id_6,500,0.07008982
tx_id_6,510,0.006851499
tx_id_6,520,0.0076271957
tx_id_6,530,0.00027122546
tx_id_6,540,0.00022567419
tx_id_6,550,0.00015752712
tx_id_6,560,0.0023207015
tx_id_6,570,6.8675254e-05
tx_id_6,580,0.036113534
tx_id_6,590,1.926584e-05
tx_id_6,600,2.8765022e-05
tx_id_6,610,0.0030089284
tx_id_6,620,0.001749378
tx_id_6,630,0.01718356
tx_id_6,640,0.0052690757
tx_id_6,650,0.002605996
tx_id_6,660,0.0013343443
tx_id_6,670,0.0016268961
tx_id_6,680,8.6213644e-05
tx_id_6,690,0.0079477485
tx_id_6,700,0.00013980182
tx_id_6,710,0.0010577948
tx_id_6,720,7.461071e-05
tx_id_6,730,0.00022711375
tx_id_6,740,0.003911941
tx_id_6,750,0.00081641047
tx_id_6,760,0.0060744006
tx_id_6,770,0.03247842
tx_id_6,780,0.11393367
tx_id_6,790,0.012403302
tx_id_6,800,0.0049837474
tx_id_6,810,0.0010014996
tx_id_6,820,3.2708722e-05
tx_id_6,830,7.2867138e-06
tx_id_6,840,0.0018506523
tx_id_6,850,1.9573166e-05
tx_id_6,860,0.00055072294
tx_id_6,870,0.00010198797
tx_id_6,880,0.012716529
tx_id_6,890,0.013968866
tx_id_6,900,0.0025321082
tx_id_6,910,1.6049085e-05
tx_id_6,920,7.41209e-05
tx_id_6,930,0.0011141086
tx_id_6,940,0.008309269
tx_id_6,950,2.5291274e-05
tx_id_6,960,0.0018449094
tx_id_6,970,0.001374205
tx_id_6,980,0.005993991
tx_id_6,990,0.0015569304
tx_id_6,1000,0.0029127127
tx_id_6,1010,0.0069259866
tx_id_6,1020,0.0031515395
tx_id_6,1030,0.0040048747
tx_id_6,1040,7.496173e-05
tx_id_6,1050,0.00013868559
tx_id_6,1060,0.0061111217
tx_id_6,1070,0.00019365823
tx_id_6,1080,4.855916e-05
tx_id_6,1090,0.010877217
tx_id_6,1100,5.6523048e-05
tx_id_6,1110,0.0027318345
tx_id_6,1120,0.016508786
tx_id_6,1130,0.0020834436
tx_id_6,1140,0.00071799965
tx_id_6,1150,0.022379795
tx_id_6,1160,0.0009975481
tx_id_6,1170,4.2726155e-05
tx_id_6,1180,1.842146e-06
tx_id_6,1190,0.008353578
tx_id_6,1200,4.422178e-05
tx_id_6,1210,0.01840422
tx_id_6,1220,0.0045507494
tx_id_6,1230,2.4236411e-05
tx_id_6,1240,5.2774576e-05
tx_id_6,1250,0.002383881
tx_id_6,1260,0.00011600748
tx_id_6,1270,5.1167448e-05
tx_id_6,1280,0.0014799259
tx_id_6,1290,0.0006748417
tx_id_6,1300,0.00022239005
tx_id_6,1310,0.00024778603
tx_id_6,1320,0.00081235653
tx_id_6,1330,0.0018766875
tx_id_6,1340,0.01214233
tx_id_6,1350,7.198901e-05
tx_id_6,1360,0.0005634629
tx_id_6,1370,0.00082747726
tx_id_6,1380,0.007422658
tx_id_6,1390,0.026571436
tx_id_6,1400,0.17192832
tx_id_6,1410,0.005488465
tx_id_6,1420,0.225359
tx_id_6,1430,0.00064885913
tx_id_6,1440,8.1932216e-05
tx_id_6,1450,0.0009507947
tx_id_6,1460,0.00026790038
tx_id_6,1470,0.042168554
tx_id_6,1480,0.00046515008
tx_id_6,1490,0.01224059
tx_id_6,1500,3.5522935e-05
tx_id_6,1510,0.0010565998
tx_id_6,1520,0.011301227
tx_id_6,1530,0.0011061787
tx_id_6,1540,0.0040180925
tx_id_6,1550,9.930583e-05
tx_id_6,1560,0.00023042102
tx_id_6,1570,4.2593847e-06
tx_id_6,1580,0.0007234776
tx_id_6,1590,7.4278796e-06
tx_id_6,1600,7.420067e-05
tx_id_6,1610,0.01478508
tx_id_6,1620,0.006146234
tx_id_6,1630,0.00033481696
tx_id_6,1640,6.260713e-05
tx_id_6,1650,0.0023880794
tx_id_6,1660,0.0015069678
tx_id_6,1670,0.013540483
tx_id_6,1680,0.0045843273
tx_id_6,1690,6.7703586e-05
tx_id_6,1700,0.0009760625
tx_id_6,1710,0.001632043
tx_id_6,1720,0.019768348
tx_id_6,1730,0.00020753137
tx_id_6,1740,0.00081704283
tx_id_6,1750,0.00033585375
tx_id_6,1760,0.0065999087
tx_id_6,1770,0.00047024
tx_id_6,1780,0.00041656895
tx_id_6,1790,0.00013444398
tx_id_6,1800,0.00011522538
tx_id_6,1810,0.002669175
tx_id_6,1820,0.0020265547
tx_id_6,1830,0.0005439978
tx_id_6,1840,0.019342016
tx_id_6,1850,0.0041208756
tx_id_6,1860,0.13888922
tx_id_6,1870,0.001346418
tx_id_6,1880,0.0004957514
